<note>
<body>Toot It & Boot It ,Teach Me How To Dougie,Find Your Love,Hey Baby  ,What's Your Fantasy ,Just The Way You Are,Fancy ,Rock With You,No Love ,Bottoms Up ,Me & U,Nothing On You ,Like A G6 ,Club Can't Handle Me ,Empire State Of Mind ,Deuces,Dynamite,</body>
</note>
<note>
<body>Collide,Come On Get Higher,Here I Am ,No Such Thing,Stop And Stare,Photograph,Raspberry Beret,Rhythm Of Love,California Gurls,Losing My Religion,</body>
</note>
<note>
<body>Friend Of God,Your Great Name,Light Up The Sky,Give You Glory,Welcome Home,Cry Out To Jesus,Glorious Day,My Savior My God,Starry Night,You Raise Me Up,It's Your Life,</body>
</note>
<note>
<body>Every Breath You Take,F**kin' Perfect,Fire And Rain,Love Remains The Same,Cat's In The Cradle,I Hope You Dance,Free Fallin',Apologize,</body>
</note>
<note>
<body>September,Jump,Use Somebody,The Way I Am,Not Meant To Be,Torn,Breakeven,</body>
</note>
<note>
<body>Scream With Me,Fake It,World So Cold,Holy Diver,Vasoline,The Feel Good Drag,Stupify,Send The Pain Below,Would?,Turn So Cold,Come As You Are,The Pretender,Bound For The Floor,Far From Home,Spoonman,Lying From You,Love Hate Sex Pain,H.,</body>
</note>
<note>
<body>Grenade,Firework,Loca,The Anthem ,Born This Way,Rescate,Corazon Sin Cara,Knock You Down ,Danza Kuduro,</body>
</note>
<note>
<body>Collide,Not Meant To Be,OMG ,Raise Your Glass,Viva La Vida,Wait For You,Please Don't Go,Pocketful Of Sunshine,Mine,</body>
</note>
